name,title,level,facing,categories,description,detail,remediation,metadata,cache_key
auth_rls_initplan,Auth RLS Initialization Plan,WARN,EXTERNAL,"[""PERFORMANCE""]",Detects if calls to \`current_setting()\` and \`auth.<function>()\` in RLS policies are being unnecessarily re-evaluated for each row,Table \`public.applications\` has a row level security policy \`Users can insert their own applications\` that re-evaluates current_setting() or auth.<function>() for each row. This produces suboptimal query performance at scale. Resolve the issue by replacing \`auth.<function>()\` with \`(select auth.<function>())\`. See [docs](https://supabase.com/docs/guides/database/postgres/row-level-security#call-functions-with-select) for more info.,https://supabase.com/docs/guides/database/database-linter?lint=0003_auth_rls_initplan,"{""name"":""applications"",""type"":""table"",""schema"":""public""}",auth_rls_init_plan_public_applications_Users can insert their own applications
auth_rls_initplan,Auth RLS Initialization Plan,WARN,EXTERNAL,"[""PERFORMANCE""]",Detects if calls to \`current_setting()\` and \`auth.<function>()\` in RLS policies are being unnecessarily re-evaluated for each row,Table \`public.scrape_configs\` has a row level security policy \`Users can insert their own scrape configs\` that re-evaluates current_setting() or auth.<function>() for each row. This produces suboptimal query performance at scale. Resolve the issue by replacing \`auth.<function>()\` with \`(select auth.<function>())\`. See [docs](https://supabase.com/docs/guides/database/postgres/row-level-security#call-functions-with-select) for more info.,https://supabase.com/docs/guides/database/database-linter?lint=0003_auth_rls_initplan,"{""name"":""scrape_configs"",""type"":""table"",""schema"":""public""}",auth_rls_init_plan_public_scrape_configs_Users can insert their own scrape configs
auth_rls_initplan,Auth RLS Initialization Plan,WARN,EXTERNAL,"[""PERFORMANCE""]",Detects if calls to \`current_setting()\` and \`auth.<function>()\` in RLS policies are being unnecessarily re-evaluated for each row,Table \`public.users\` has a row level security policy \`Users can update their own profile\` that re-evaluates current_setting() or auth.<function>() for each row. This produces suboptimal query performance at scale. Resolve the issue by replacing \`auth.<function>()\` with \`(select auth.<function>())\`. See [docs](https://supabase.com/docs/guides/database/postgres/row-level-security#call-functions-with-select) for more info.,https://supabase.com/docs/guides/database/database-linter?lint=0003_auth_rls_initplan,"{""name"":""users"",""type"":""table"",""schema"":""public""}",auth_rls_init_plan_public_users_Users can update their own profile
auth_rls_initplan,Auth RLS Initialization Plan,WARN,EXTERNAL,"[""PERFORMANCE""]",Detects if calls to \`current_setting()\` and \`auth.<function>()\` in RLS policies are being unnecessarily re-evaluated for each row,Table \`public.applications\` has a row level security policy \`Users can view their own applications\` that re-evaluates current_setting() or auth.<function>() for each row. This produces suboptimal query performance at scale. Resolve the issue by replacing \`auth.<function>()\` with \`(select auth.<function>())\`. See [docs](https://supabase.com/docs/guides/database/postgres/row-level-security#call-functions-with-select) for more info.,https://supabase.com/docs/guides/database/database-linter?lint=0003_auth_rls_initplan,"{""name"":""applications"",""type"":""table"",""schema"":""public""}",auth_rls_init_plan_public_applications_Users can view their own applications
auth_rls_initplan,Auth RLS Initialization Plan,WARN,EXTERNAL,"[""PERFORMANCE""]",Detects if calls to \`current_setting()\` and \`auth.<function>()\` in RLS policies are being unnecessarily re-evaluated for each row,Table \`public.users\` has a row level security policy \`Users can view their own profile\` that re-evaluates current_setting() or auth.<function>() for each row. This produces suboptimal query performance at scale. Resolve the issue by replacing \`auth.<function>()\` with \`(select auth.<function>())\`. See [docs](https://supabase.com/docs/guides/database/postgres/row-level-security#call-functions-with-select) for more info.,https://supabase.com/docs/guides/database/database-linter?lint=0003_auth_rls_initplan,"{""name"":""users"",""type"":""table"",""schema"":""public""}",auth_rls_init_plan_public_users_Users can view their own profile
auth_rls_initplan,Auth RLS Initialization Plan,WARN,EXTERNAL,"[""PERFORMANCE""]",Detects if calls to \`current_setting()\` and \`auth.<function>()\` in RLS policies are being unnecessarily re-evaluated for each row,Table \`public.scrape_configs\` has a row level security policy \`Users can view their own scrape configs\` that re-evaluates current_setting() or auth.<function>() for each row. This produces suboptimal query performance at scale. Resolve the issue by replacing \`auth.<function>()\` with \`(select auth.<function>())\`. See [docs](https://supabase.com/docs/guides/database/postgres/row-level-security#call-functions-with-select) for more info.,https://supabase.com/docs/guides/database/database-linter?lint=0003_auth_rls_initplan,"{""name"":""scrape_configs"",""type"":""table"",""schema"":""public""}",auth_rls_init_plan_public_scrape_configs_Users can view their own scrape configs
auth_rls_initplan,Auth RLS Initialization Plan,WARN,EXTERNAL,"[""PERFORMANCE""]",Detects if calls to \`current_setting()\` and \`auth.<function>()\` in RLS policies are being unnecessarily re-evaluated for each row,Table \`public.resumes\` has a row level security policy \`Users can view their own resumes\` that re-evaluates current_setting() or auth.<function>() for each row. This produces suboptimal query performance at scale. Resolve the issue by replacing \`auth.<function>()\` with \`(select auth.<function>())\`. See [docs](https://supabase.com/docs/guides/database/postgres/row-level-security#call-functions-with-select) for more info.,https://supabase.com/docs/guides/database/database-linter?lint=0003_auth_rls_initplan,"{""name"":""resumes"",""type"":""table"",""schema"":""public""}",auth_rls_init_plan_public_resumes_Users can view their own resumes
auth_rls_initplan,Auth RLS Initialization Plan,WARN,EXTERNAL,"[""PERFORMANCE""]",Detects if calls to \`current_setting()\` and \`auth.<function>()\` in RLS policies are being unnecessarily re-evaluated for each row,Table \`public.resumes\` has a row level security policy \`Users can insert their own resumes\` that re-evaluates current_setting() or auth.<function>() for each row. This produces suboptimal query performance at scale. Resolve the issue by replacing \`auth.<function>()\` with \`(select auth.<function>())\`. See [docs](https://supabase.com/docs/guides/database/postgres/row-level-security#call-functions-with-select) for more info.,https://supabase.com/docs/guides/database/database-linter?lint=0003_auth_rls_initplan,"{""name"":""resumes"",""type"":""table"",""schema"":""public""}",auth_rls_init_plan_public_resumes_Users can insert their own resumes
auth_rls_initplan,Auth RLS Initialization Plan,WARN,EXTERNAL,"[""PERFORMANCE""]",Detects if calls to \`current_setting()\` and \`auth.<function>()\` in RLS policies are being unnecessarily re-evaluated for each row,Table \`public.resumes\` has a row level security policy \`Users can update their own resumes\` that re-evaluates current_setting() or auth.<function>() for each row. This produces suboptimal query performance at scale. Resolve the issue by replacing \`auth.<function>()\` with \`(select auth.<function>())\`. See [docs](https://supabase.com/docs/guides/database/postgres/row-level-security#call-functions-with-select) for more info.,https://supabase.com/docs/guides/database/database-linter?lint=0003_auth_rls_initplan,"{""name"":""resumes"",""type"":""table"",""schema"":""public""}",auth_rls_init_plan_public_resumes_Users can update their own resumes
auth_rls_initplan,Auth RLS Initialization Plan,WARN,EXTERNAL,"[""PERFORMANCE""]",Detects if calls to \`current_setting()\` and \`auth.<function>()\` in RLS policies are being unnecessarily re-evaluated for each row,Table \`public.resumes\` has a row level security policy \`Users can delete their own resumes\` that re-evaluates current_setting() or auth.<function>() for each row. This produces suboptimal query performance at scale. Resolve the issue by replacing \`auth.<function>()\` with \`(select auth.<function>())\`. See [docs](https://supabase.com/docs/guides/database/postgres/row-level-security#call-functions-with-select) for more info.,https://supabase.com/docs/guides/database/database-linter?lint=0003_auth_rls_initplan,"{""name"":""resumes"",""type"":""table"",""schema"":""public""}",auth_rls_init_plan_public_resumes_Users can delete their own resumes
auth_rls_initplan,Auth RLS Initialization Plan,WARN,EXTERNAL,"[""PERFORMANCE""]",Detects if calls to \`current_setting()\` and \`auth.<function>()\` in RLS policies are being unnecessarily re-evaluated for each row,Table \`public.users\` has a row level security policy \`Users can view their own data.\` that re-evaluates current_setting() or auth.<function>() for each row. This produces suboptimal query performance at scale. Resolve the issue by replacing \`auth.<function>()\` with \`(select auth.<function>())\`. See [docs](https://supabase.com/docs/guides/database/postgres/row-level-security#call-functions-with-select) for more info.,https://supabase.com/docs/guides/database/database-linter?lint=0003_auth_rls_initplan,"{""name"":""users"",""type"":""table"",""schema"":""public""}",auth_rls_init_plan_public_users_Users can view their own data.
auth_rls_initplan,Auth RLS Initialization Plan,WARN,EXTERNAL,"[""PERFORMANCE""]",Detects if calls to \`current_setting()\` and \`auth.<function>()\` in RLS policies are being unnecessarily re-evaluated for each row,Table \`public.users\` has a row level security policy \`Users can update their own profile.\` that re-evaluates current_setting() or auth.<function>() for each row. This produces suboptimal query performance at scale. Resolve the issue by replacing \`auth.<function>()\` with \`(select auth.<function>())\`. See [docs](https://supabase.com/docs/guides/database/postgres/row-level-security#call-functions-with-select) for more info.,https://supabase.com/docs/guides/database/database-linter?lint=0003_auth_rls_initplan,"{""name"":""users"",""type"":""table"",""schema"":""public""}",auth_rls_init_plan_public_users_Users can update their own profile.
auth_rls_initplan,Auth RLS Initialization Plan,WARN,EXTERNAL,"[""PERFORMANCE""]",Detects if calls to \`current_setting()\` and \`auth.<function>()\` in RLS policies are being unnecessarily re-evaluated for each row,Table \`public.profiles\` has a row level security policy \`Users can view their own profile\` that re-evaluates current_setting() or auth.<function>() for each row. This produces suboptimal query performance at scale. Resolve the issue by replacing \`auth.<function>()\` with \`(select auth.<function>())\`. See [docs](https://supabase.com/docs/guides/database/postgres/row-level-security#call-functions-with-select) for more info.,https://supabase.com/docs/guides/database/database-linter?lint=0003_auth_rls_initplan,"{""name"":""profiles"",""type"":""table"",""schema"":""public""}",auth_rls_init_plan_public_profiles_Users can view their own profile
auth_rls_initplan,Auth RLS Initialization Plan,WARN,EXTERNAL,"[""PERFORMANCE""]",Detects if calls to \`current_setting()\` and \`auth.<function>()\` in RLS policies are being unnecessarily re-evaluated for each row,Table \`public.profiles\` has a row level security policy \`Users can update their own profile\` that re-evaluates current_setting() or auth.<function>() for each row. This produces suboptimal query performance at scale. Resolve the issue by replacing \`auth.<function>()\` with \`(select auth.<function>())\`. See [docs](https://supabase.com/docs/guides/database/postgres/row-level-security#call-functions-with-select) for more info.,https://supabase.com/docs/guides/database/database-linter?lint=0003_auth_rls_initplan,"{""name"":""profiles"",""type"":""table"",""schema"":""public""}",auth_rls_init_plan_public_profiles_Users can update their own profile
multiple_permissive_policies,Multiple Permissive Policies,WARN,EXTERNAL,"[""PERFORMANCE""]",Detects if multiple permissive row level security policies are present on a table for the same \`role\` and \`action\` (e.g. insert). Multiple permissive policies are suboptimal for performance as each policy must be executed for every relevant query.,"Table \`public.users\` has multiple permissive policies for role \`anon\` for action \`SELECT\`. Policies include \`{""Users can view their own data."",""Users can view their own profile""}\`",https://supabase.com/docs/guides/database/database-linter?lint=0006_multiple_permissive_policies,"{""name"":""users"",""type"":""table"",""schema"":""public""}",multiple_permissive_policies_public_users_anon_SELECT
multiple_permissive_policies,Multiple Permissive Policies,WARN,EXTERNAL,"[""PERFORMANCE""]",Detects if multiple permissive row level security policies are present on a table for the same \`role\` and \`action\` (e.g. insert). Multiple permissive policies are suboptimal for performance as each policy must be executed for every relevant query.,"Table \`public.users\` has multiple permissive policies for role \`anon\` for action \`UPDATE\`. Policies include \`{""Users can update their own profile"",""Users can update their own profile.""}\`",https://supabase.com/docs/guides/database/database-linter?lint=0006_multiple_permissive_policies,"{""name"":""users"",""type"":""table"",""schema"":""public""}",multiple_permissive_policies_public_users_anon_UPDATE
multiple_permissive_policies,Multiple Permissive Policies,WARN,EXTERNAL,"[""PERFORMANCE""]",Detects if multiple permissive row level security policies are present on a table for the same \`role\` and \`action\` (e.g. insert). Multiple permissive policies are suboptimal for performance as each policy must be executed for every relevant query.,"Table \`public.users\` has multiple permissive policies for role \`authenticated\` for action \`SELECT\`. Policies include \`{""Users can view their own data."",""Users can view their own profile""}\`",https://supabase.com/docs/guides/database/database-linter?lint=0006_multiple_permissive_policies,"{""name"":""users"",""type"":""table"",""schema"":""public""}",multiple_permissive_policies_public_users_authenticated_SELECT
multiple_permissive_policies,Multiple Permissive Policies,WARN,EXTERNAL,"[""PERFORMANCE""]",Detects if multiple permissive row level security policies are present on a table for the same \`role\` and \`action\` (e.g. insert). Multiple permissive policies are suboptimal for performance as each policy must be executed for every relevant query.,"Table \`public.users\` has multiple permissive policies for role \`authenticated\` for action \`UPDATE\`. Policies include \`{""Users can update their own profile"",""Users can update their own profile.""}\`",https://supabase.com/docs/guides/database/database-linter?lint=0006_multiple_permissive_policies,"{""name"":""users"",""type"":""table"",""schema"":""public""}",multiple_permissive_policies_public_users_authenticated_UPDATE
multiple_permissive_policies,Multiple Permissive Policies,WARN,EXTERNAL,"[""PERFORMANCE""]",Detects if multiple permissive row level security policies are present on a table for the same \`role\` and \`action\` (e.g. insert). Multiple permissive policies are suboptimal for performance as each policy must be executed for every relevant query.,"Table \`public.users\` has multiple permissive policies for role \`authenticator\` for action \`SELECT\`. Policies include \`{""Users can view their own data."",""Users can view their own profile""}\`",https://supabase.com/docs/guides/database/database-linter?lint=0006_multiple_permissive_policies,"{""name"":""users"",""type"":""table"",""schema"":""public""}",multiple_permissive_policies_public_users_authenticator_SELECT
multiple_permissive_policies,Multiple Permissive Policies,WARN,EXTERNAL,"[""PERFORMANCE""]",Detects if multiple permissive row level security policies are present on a table for the same \`role\` and \`action\` (e.g. insert). Multiple permissive policies are suboptimal for performance as each policy must be executed for every relevant query.,"Table \`public.users\` has multiple permissive policies for role \`authenticator\` for action \`UPDATE\`. Policies include \`{""Users can update their own profile"",""Users can update their own profile.""}\`",https://supabase.com/docs/guides/database/database-linter?lint=0006_multiple_permissive_policies,"{""name"":""users"",""type"":""table"",""schema"":""public""}",multiple_permissive_policies_public_users_authenticator_UPDATE
multiple_permissive_policies,Multiple Permissive Policies,WARN,EXTERNAL,"[""PERFORMANCE""]",Detects if multiple permissive row level security policies are present on a table for the same \`role\` and \`action\` (e.g. insert). Multiple permissive policies are suboptimal for performance as each policy must be executed for every relevant query.,"Table \`public.users\` has multiple permissive policies for role \`dashboard_user\` for action \`SELECT\`. Policies include \`{""Users can view their own data."",""Users can view their own profile""}\`",https://supabase.com/docs/guides/database/database-linter?lint=0006_multiple_permissive_policies,"{""name"":""users"",""type"":""table"",""schema"":""public""}",multiple_permissive_policies_public_users_dashboard_user_SELECT
multiple_permissive_policies,Multiple Permissive Policies,WARN,EXTERNAL,"[""PERFORMANCE""]",Detects if multiple permissive row level security policies are present on a table for the same \`role\` and \`action\` (e.g. insert). Multiple permissive policies are suboptimal for performance as each policy must be executed for every relevant query.,"Table \`public.users\` has multiple permissive policies for role \`dashboard_user\` for action \`UPDATE\`. Policies include \`{""Users can update their own profile"",""Users can update their own profile.""}\`",https://supabase.com/docs/guides/database/database-linter?lint=0006_multiple_permissive_policies,"{""name"":""users"",""type"":""table"",""schema"":""public""}",multiple_permissive_policies_public_users_dashboard_user_UPDATE